Date, Open, High, Low, Close
03/22/22, 106.65, 109.75, 103.00, 106.05
03/21/22, 106.50, 115.50, 101.10, 106.65
03/18/22, 102.75, 112.50, 100.88, 106.50
03/17/22, 98.00, 132.10, 96.50, 102.75
03/16/22, 106.50, 117.03, 96.00, 99.00
03/15/22, 122.00, 123.07, 104.00, 106.50
03/14/22, 134.00, 134.00, 110.15, 122.00
03/11/22, 133.50, 135.50, 113.13, 134.00
03/10/22, 137.50, 140.00, 116.04, 133.50
03/09/22, 127.50, 139.25, 115.70, 136.50
03/08/22, 143.00, 143.00, 121.00, 127.50
03/07/22, 106.50, 158.30, 106.50, 143.00
03/04/22, 109.50, 119.00, 100.22, 106.50
03/03/22, 102.75, 118.69, 97.50, 110.00
03/02/22, 108.51, 118.72, 98.10, 102.85
03/01/22, 108.00, 118.50, 89.40, 109.49
02/28/22, 83.86, 114.00, 83.86, 108.01
02/25/22, 84.36, 85.92, 81.73, 83.86
02/24/22, 81.43, 89.87, 81.33, 84.37
02/23/22, 78.83, 81.70, 78.56, 81.41
02/22/22, 80.20, 80.93, 78.51, 78.83
02/21/22, 77.44, 80.25, 76.18, 80.25
02/18/22, 76.17, 77.49, 75.64, 77.35
02/17/22, 75.09, 76.69, 75.07, 76.26
02/16/22, 75.46, 75.55, 74.85, 75.16
02/15/22, 76.50, 76.78, 75.12, 75.46
02/14/22, 76.79, 78.17, 76.19, 76.50
02/11/22, 75.02, 77.59, 74.82, 76.79
02/10/22, 74.82, 75.13, 74.27, 75.02
02/09/22, 75.04, 75.18, 74.49, 74.80
02/08/22, 75.41, 75.65, 74.99, 75.04
02/07/22, 75.74, 76.14, 75.38, 75.41
02/04/22, 76.20, 76.53, 75.65, 75.74
02/03/22, 76.21, 76.82, 75.98, 76.26
02/02/22, 76.89, 76.91, 75.69, 76.22
02/01/22, 77.32, 77.74, 76.40, 76.89
01/31/22, 78.19, 78.19, 77.14, 77.32
01/28/22, 77.98, 78.33, 77.39, 78.19
01/27/22, 79.15, 79.73, 77.40, 77.96
01/26/22, 78.70, 80.33, 78.53, 79.15
01/25/22, 78.91, 79.34, 78.31, 78.70
01/24/22, 77.38, 79.49, 76.99, 78.82
01/21/22, 76.18, 77.78, 76.13, 77.59
01/20/22, 76.16, 76.86, 76.00, 76.18
01/19/22, 77.03, 77.15, 75.85, 76.16
01/18/22, 76.53, 77.12, 75.84, 77.03
01/17/22, 76.24, 76.79, 75.69, 76.33
01/14/22, 76.49, 76.97, 75.61, 76.24
01/13/22, 74.62, 76.62, 74.47, 76.48
01/12/22, 74.41, 74.90, 74.31, 74.58
01/11/22, 75.01, 75.16, 74.29, 74.43
01/10/22, 75.45, 75.88, 74.85, 74.98
01/07/22, 76.31, 76.52, 75.09, 75.72
01/06/22, 76.78, 77.34, 76.01, 76.31
01/05/22, 75.14, 76.89, 75.05, 76.78
01/04/22, 74.49, 75.58, 74.40, 75.24
01/03/22, 74.79, 75.58, 74.18, 74.57
12/31/21, 74.69, 75.42, 74.49, 74.79
12/30/21, 73.96, 75.14, 73.90, 74.48
12/29/21, 73.60, 74.20, 73.55, 73.96
12/28/21, 73.42, 73.88, 73.34, 73.60
12/27/21, 73.66, 73.70, 73.11, 73.42
12/24/21, 73.44, 73.74, 73.14, 73.66
12/23/21, 73.68, 73.69, 73.19, 73.42
12/22/21, 74.00, 74.18, 73.60, 73.67
12/21/21, 74.27, 74.27, 73.72, 74.01
12/20/21, 74.17, 74.49, 74.07, 74.27
12/17/21, 73.77, 74.27, 73.57, 74.17
12/16/21, 73.57, 73.87, 73.36, 73.83
12/15/21, 73.79, 74.37, 73.56, 73.57
12/14/21, 73.50, 73.91, 73.41, 73.81
12/13/21, 73.41, 73.70, 73.26, 73.49
12/10/21, 73.68, 73.78, 73.27, 73.45
12/09/21, 73.55, 73.79, 73.48, 73.68
12/08/21, 74.16, 74.30, 73.52, 73.57
12/07/21, 74.19, 74.53, 73.85, 74.16
12/06/21, 73.97, 74.45, 73.52, 74.24
12/03/21, 73.65, 73.98, 73.32, 73.97
12/02/21, 74.04, 74.37, 73.53, 73.65
12/01/21, 74.14, 74.38, 73.72, 74.04
11/30/21, 74.49, 75.12, 73.97, 73.99
11/29/21, 75.56, 75.59, 74.24, 74.48
11/26/21, 74.63, 75.92, 74.55, 75.56
11/25/21, 74.98, 74.99, 74.49, 74.68
11/24/21, 74.31, 75.04, 74.11, 74.98
11/23/21, 74.97, 75.26, 74.06, 74.31
11/22/21, 73.52, 75.08, 73.05, 74.97
11/19/21, 73.10, 73.68, 72.70, 73.52
11/18/21, 72.60, 73.37, 72.48, 73.10
11/17/21, 73.06, 73.30, 72.33, 72.61
11/16/21, 72.36, 73.50, 72.32, 73.07
11/15/21, 72.90, 72.90, 72.01, 72.51
11/12/21, 71.58, 73.22, 71.52, 72.90
11/11/21, 71.25, 71.79, 70.97, 71.61
11/10/21, 70.80, 71.35, 70.52, 71.27
11/09/21, 71.30, 71.35, 70.66, 70.80
11/08/21, 71.15, 71.52, 70.90, 71.30
11/05/21, 71.38, 71.97, 71.03, 71.15
11/04/21, 71.87, 71.91, 71.18, 71.18
11/03/21, 71.56, 72.25, 71.34, 71.90
11/02/21, 71.56, 72.00, 71.38, 71.54
11/01/21, 70.94, 71.67, 70.74, 71.56
10/29/21, 70.26, 71.01, 70.16, 70.94
10/28/21, 70.70, 70.77, 70.06, 70.27
10/27/21, 69.52, 70.70, 69.34, 70.65
10/26/21, 69.89, 69.91, 69.23, 69.52
10/25/21, 70.08, 70.50, 69.70, 69.88
10/22/21, 71.17, 71.21, 69.91, 70.30
10/21/21, 70.80, 71.30, 70.65, 71.16
10/20/21, 70.91, 71.13, 70.78, 70.86
10/19/21, 71.33, 71.33, 70.81, 70.90
10/18/21, 71.12, 71.38, 70.97, 71.32
10/15/21, 71.43, 71.47, 70.90, 70.99
10/14/21, 72.05, 72.11, 71.33, 71.40
10/13/21, 71.86, 72.13, 71.73, 72.08
10/12/21, 71.69, 71.99, 71.69, 71.87
10/11/21, 71.80, 71.93, 71.56, 71.78
10/08/21, 71.80, 72.05, 71.65, 71.81
10/07/21, 72.42, 72.54, 71.70, 71.80
10/06/21, 72.32, 72.72, 72.28, 72.45
10/05/21, 72.45, 72.68, 72.27, 72.32
10/04/21, 72.67, 73.00, 72.41, 72.47
10/01/21, 72.73, 73.24, 72.65, 72.67
09/30/21, 72.88, 72.99, 72.59, 72.75
09/29/21, 72.78, 72.97, 72.62, 72.88
09/28/21, 72.70, 73.03, 72.40, 72.78
09/27/21, 73.00, 73.00, 72.44, 72.71
09/24/21, 72.81, 73.08, 72.51, 72.51
09/23/21, 73.03, 73.04, 72.57, 72.81
09/22/21, 73.16, 73.16, 72.61, 73.04
09/21/21, 73.22, 73.56, 72.96, 73.10
09/20/21, 72.88, 73.62, 72.79, 73.47
09/17/21, 72.50, 72.95, 72.34, 72.88
09/16/21, 72.28, 72.63, 72.23, 72.50
09/15/21, 73.07, 73.34, 72.24, 72.27
09/14/21, 72.68, 73.08, 72.55, 73.07
09/13/21, 73.17, 73.22, 72.59, 72.67
09/10/21, 72.92, 73.22, 72.69, 73.19
09/09/21, 73.30, 73.34, 72.83, 72.92
09/08/21, 73.36, 73.57, 73.15, 73.32
09/07/21, 73.02, 73.38, 72.92, 73.36
09/06/21, 72.82, 73.07, 72.75, 73.07
09/03/21, 72.96, 73.12, 72.56, 72.83
09/02/21, 73.04, 73.06, 72.69, 72.90
09/01/21, 73.44, 73.53, 72.80, 73.06
08/31/21, 73.52, 73.56, 73.20, 73.44
08/30/21, 73.10, 73.69, 73.10, 73.52
08/27/21, 74.28, 74.33, 73.25, 73.25
08/26/21, 73.92, 74.48, 73.73, 74.28
08/25/21, 73.84, 74.09, 73.67, 73.92
08/24/21, 74.14, 74.18, 73.72, 73.77
08/23/21, 74.05, 74.26, 73.90, 74.02
08/20/21, 74.26, 74.59, 73.99, 74.28
08/19/21, 73.80, 74.35, 73.77, 74.26
08/18/21, 73.59, 73.88, 73.36, 73.79
08/17/21, 73.32, 73.67, 73.30, 73.59
08/16/21, 73.31, 73.50, 73.18, 73.34
08/13/21, 73.61, 73.65, 73.16, 73.31
08/12/21, 73.48, 73.68, 73.35, 73.61
08/11/21, 73.97, 74.16, 73.35, 73.48
08/10/21, 73.64, 74.05, 73.52, 73.97
08/09/21, 73.06, 73.70, 73.06, 73.68
08/06/21, 73.12, 73.66, 73.00, 73.06
08/05/21, 73.20, 73.38, 72.99, 73.12
08/04/21, 73.08, 73.29, 72.71, 73.19
08/03/21, 73.00, 73.20, 72.78, 73.01
08/02/21, 73.15, 73.35, 72.69, 73.04
07/30/21, 73.22, 73.43, 72.80, 73.15
07/29/21, 73.57, 73.57, 73.02, 73.22
07/28/21, 73.78, 73.85, 73.39, 73.57
07/27/21, 73.74, 73.94, 73.59, 73.78
07/26/21, 73.93, 74.27, 73.62, 73.72
07/23/21, 73.65, 73.93, 73.52, 73.87
07/22/21, 74.00, 74.03, 73.60, 73.65
07/21/21, 74.42, 74.57, 73.91, 73.96
07/20/21, 74.77, 74.77, 74.29, 74.43
07/19/21, 74.08, 74.78, 74.08, 74.77
07/16/21, 74.39, 74.45, 73.96, 74.08
07/15/21, 74.12, 74.45, 74.04, 74.40
07/14/21, 74.35, 74.53, 73.95, 74.13
07/13/21, 74.43, 74.46, 73.89, 74.35
07/12/21, 74.42, 74.80, 74.24, 74.45
07/09/21, 74.75, 74.82, 74.17, 74.42
07/08/21, 74.65, 75.35, 74.57, 74.75
07/07/21, 74.54, 74.91, 73.94, 74.72
07/06/21, 73.47, 74.80, 73.16, 74.55
07/05/21, 73.15, 73.60, 73.15, 73.50
07/02/21, 73.44, 73.80, 73.14, 73.20
07/01/21, 73.15, 73.53, 72.81, 73.44
06/30/21, 72.79, 73.23, 72.65, 73.16
06/29/21, 72.24, 72.87, 72.17, 72.80
06/28/21, 72.21, 72.35, 72.09, 72.27
06/25/21, 72.28, 72.46, 72.04, 72.21
06/24/21, 72.63, 72.71, 72.13, 72.29
06/23/21, 72.89, 73.16, 72.34, 72.63
06/22/21, 73.12, 73.30, 72.81, 72.89
06/21/21, 72.89, 73.34, 72.76, 73.11
06/18/21, 72.30, 72.86, 72.09, 72.80
06/17/21, 72.66, 72.71, 72.09, 72.30
06/16/21, 72.24, 72.69, 71.64, 72.66
06/15/21, 72.11, 72.35, 71.73, 72.23
06/14/21, 72.05, 72.37, 71.95, 72.13
06/11/21, 71.80, 72.39, 71.55, 71.95
06/10/21, 72.36, 72.56, 71.69, 71.80
06/09/21, 72.27, 72.38, 72.00, 72.36
06/08/21, 72.87, 72.92, 72.25, 72.27
06/07/21, 72.86, 73.28, 72.76, 72.85
06/04/21, 73.20, 73.32, 72.77, 72.86
06/03/21, 73.14, 73.35, 73.03, 73.24
06/02/21, 73.68, 73.76, 73.09, 73.14
06/01/21, 73.41, 73.69, 73.11, 73.67
05/31/21, 73.20, 73.48, 73.10, 73.41
05/28/21, 73.46, 73.70, 73.10, 73.20
05/27/21, 73.51, 73.68, 73.32, 73.45
05/26/21, 73.49, 73.71, 73.27, 73.51
05/25/21, 73.45, 73.59, 73.20, 73.49
05/24/21, 73.61, 73.88, 73.43, 73.45
05/21/21, 73.62, 73.69, 73.36, 73.62
05/20/21, 73.78, 74.00, 73.45, 73.60
05/19/21, 73.66, 74.00, 73.55, 73.78
05/18/21, 73.90, 74.05, 73.56, 73.66
05/17/21, 73.94, 74.11, 73.75, 73.90
05/14/21, 74.09, 74.14, 73.72, 74.01
05/13/21, 74.44, 74.74, 73.82, 74.09
05/12/21, 74.45, 74.70, 73.93, 74.70
05/11/21, 74.33, 74.43, 73.83, 74.16
05/10/21, 73.70, 74.36, 73.55, 74.33
05/07/21, 74.27, 74.31, 73.53, 73.75
05/06/21, 74.80, 74.91, 74.20, 74.28
05/05/21, 74.76, 75.05, 74.60, 74.80
05/04/21, 75.17, 75.36, 74.67, 74.73
05/03/21, 75.13, 75.85, 74.78, 74.98
04/30/21, 74.77, 75.45, 74.47, 75.29
04/29/21, 74.44, 74.74, 74.21, 74.69
04/28/21, 75.00, 75.11, 74.37, 74.44
04/27/21, 75.02, 75.28, 74.79, 75.00
04/26/21, 74.95, 75.41, 74.64, 75.02
04/23/21, 75.42, 75.60, 74.66, 74.87
04/22/21, 76.69, 77.01, 75.25, 75.39
04/21/21, 76.94, 77.28, 76.33, 76.69
04/20/21, 76.34, 77.05, 75.94, 76.94
04/19/21, 75.61, 76.44, 75.61, 76.39
04/16/21, 76.60, 76.94, 75.33, 75.61
04/15/21, 75.81, 77.55, 75.80, 76.36
04/14/21, 76.27, 76.42, 75.46, 75.79
04/13/21, 77.33, 77.56, 75.83, 76.28
04/12/21, 77.30, 77.77, 77.08, 77.33
04/09/21, 76.83, 77.48, 76.76, 77.43
04/08/21, 76.95, 77.38, 76.63, 76.86
04/07/21, 77.14, 78.03, 76.82, 76.95
04/06/21, 76.37, 77.45, 76.19, 77.35
04/05/21, 76.30, 76.74, 75.99, 76.37
04/02/21, 76.16, 76.51, 75.75, 76.44
04/01/21, 75.65, 76.44, 75.58, 76.16
03/31/21, 75.84, 76.13, 75.23, 75.65
03/30/21, 75.74, 76.18, 75.40, 75.84
03/29/21, 76.01, 76.11, 75.56, 75.61
03/26/21, 76.25, 76.30, 75.60, 75.85
03/25/21, 76.60, 76.75, 75.74, 76.24
03/24/21, 76.41, 76.95, 75.71, 76.60
03/23/21, 74.78, 76.43, 74.76, 76.40
03/22/21, 74.25, 75.08, 74.20, 74.78
03/19/21, 74.29, 74.46, 73.74, 74.09
03/18/21, 73.70, 74.43, 73.45, 74.28
03/17/21, 72.75, 74.20, 72.73, 73.73
03/16/21, 72.83, 73.06, 72.54, 72.78
03/15/21, 73.29, 73.54, 72.77, 72.83
03/12/21, 73.38, 73.72, 73.23, 73.26
03/11/21, 73.64, 73.85, 73.19, 73.41
03/10/21, 74.04, 74.41, 73.56, 73.63
03/09/21, 74.58, 74.65, 73.78, 73.99
03/08/21, 74.34, 74.86, 73.88, 74.44
03/05/21, 74.56, 74.78, 74.11, 74.35
03/04/21, 73.93, 74.95, 73.34, 74.63
03/03/21, 73.80, 74.15, 73.40, 74.02
03/02/21, 74.29, 74.71, 73.62, 73.80
03/01/21, 74.58, 74.95, 73.91, 74.29
02/26/21, 74.59, 74.92, 74.26, 74.58
02/25/21, 73.59, 74.85, 73.35, 74.72
02/24/21, 74.01, 74.28, 73.41, 73.50
02/23/21, 74.30, 74.31, 73.73, 74.04
02/22/21, 74.03, 75.03, 73.88, 74.36
02/19/21, 73.86, 74.20, 73.80, 74.03
02/18/21, 73.77, 74.16, 73.50, 73.87
02/17/21, 73.61, 74.19, 73.49, 73.76
02/16/21, 73.33, 73.90, 73.15, 73.61
02/15/21, 73.65, 73.81, 73.14, 73.31
02/12/21, 73.75, 74.47, 73.52, 73.66
02/11/21, 73.91, 73.95, 73.54, 73.68
02/10/21, 73.90, 74.07, 73.64, 73.92
02/09/21, 74.37, 74.46, 73.87, 73.92
02/08/21, 74.61, 74.79, 74.15, 74.37
02/05/21, 75.54, 75.70, 74.53, 74.65
02/04/21, 75.79, 76.07, 75.31, 75.56
02/03/21, 76.20, 76.32, 75.78, 75.82
02/02/21, 76.05, 76.31, 75.34, 76.16
02/01/21, 75.95, 76.20, 75.35, 76.10
01/29/21, 75.96, 76.34, 75.24, 75.95
01/28/21, 75.85, 76.49, 75.69, 76.07
01/27/21, 75.11, 75.98, 74.79, 75.86
01/26/21, 75.37, 75.79, 74.95, 75.11
01/25/21, 75.31, 75.86, 74.58, 75.38
01/22/21, 74.09, 75.36, 73.87, 75.26
01/21/21, 73.50, 74.09, 73.19, 74.00
01/20/21, 73.81, 73.94, 73.22, 73.50
01/19/21, 73.93, 74.08, 73.61, 73.82
01/18/21, 73.50, 74.37, 73.50, 73.94
01/15/21, 73.45, 73.87, 73.24, 73.52
01/14/21, 73.86, 74.02, 73.11, 73.29
01/13/21, 73.46, 73.97, 73.39, 73.86
01/12/21, 74.71, 74.79, 73.46, 73.47
01/11/21, 74.08, 74.99, 73.95, 74.71
01/08/21, 74.70, 74.82, 73.83, 74.08
01/07/21, 73.94, 74.97, 73.62, 74.74
01/06/21, 74.19, 74.27, 73.40, 73.96
01/05/21, 74.51, 75.23, 73.85, 74.28
01/04/21, 73.94, 74.57, 73.08, 74.48
01/01/21, 74.02, 74.02, 73.94, 73.94
12/31/20, 74.37, 75.25, 73.77, 74.02
12/30/20, 73.67, 74.99, 73.43, 74.34
12/29/20, 73.81, 74.20, 73.38, 73.94
12/28/20, 74.06, 74.33, 73.53, 73.79
12/25/20, 74.03, 74.22, 73.62, 74.06
12/24/20, 74.98, 75.25, 73.86, 74.04
12/23/20, 75.92, 76.03, 74.73, 75.00
12/22/20, 74.68, 76.00, 74.41, 75.93
12/21/20, 73.43, 75.47, 73.43, 74.71
12/18/20, 72.98, 73.89, 72.92, 73.43
12/17/20, 73.43, 73.45, 72.65, 72.95
12/16/20, 73.19, 73.71, 73.19, 73.40
12/15/20, 73.83, 74.19, 73.13, 73.21
12/14/20, 73.15, 73.99, 72.80, 73.87
12/11/20, 73.06, 73.39, 72.88, 73.15
12/10/20, 73.63, 73.87, 72.98, 73.05
12/09/20, 73.44, 74.04, 73.17, 73.65
12/08/20, 73.73, 74.03, 73.05, 73.44
12/07/20, 73.99, 74.50, 73.30, 73.73
12/04/20, 74.46, 74.66, 73.80, 74.12
12/03/20, 75.05, 75.40, 74.28, 74.44
12/02/20, 75.79, 76.11, 75.03, 75.06
12/01/20, 76.50, 76.50, 75.56, 75.80
11/30/20, 76.08, 76.59, 75.81, 76.51
11/27/20, 75.70, 76.31, 75.62, 76.08
11/26/20, 75.53, 75.75, 75.33, 75.70
11/25/20, 75.45, 75.97, 75.33, 75.54
11/24/20, 76.05, 76.15, 75.36, 75.48
11/23/20, 76.25, 76.51, 75.58, 76.13
11/20/20, 76.23, 76.46, 75.85, 76.21
11/19/20, 75.98, 76.59, 75.89, 76.24
11/18/20, 76.25, 76.35, 75.53, 75.98
11/17/20, 76.25, 76.66, 76.13, 76.26
11/16/20, 77.30, 77.51, 76.12, 76.15
11/13/20, 77.28, 77.70, 77.10, 77.38
11/12/20, 77.07, 77.55, 76.65, 77.28
11/11/20, 76.53, 77.18, 76.05, 77.06
11/10/20, 76.36, 76.91, 76.14, 76.53
11/09/20, 77.43, 77.66, 75.76, 76.36
11/06/20, 76.84, 77.91, 76.62, 77.43
11/05/20, 77.55, 78.77, 76.77, 76.87
11/04/20, 79.15, 79.83, 77.45, 77.55
11/03/20, 80.54, 80.66, 79.07, 79.15
11/02/20, 79.37, 80.94, 79.37, 80.54
10/30/20, 78.93, 79.63, 78.77, 79.41
10/29/20, 79.01, 79.61, 78.62, 78.91
10/28/20, 77.26, 79.23, 77.13, 79.01
10/27/20, 76.38, 77.32, 76.25, 77.28
10/26/20, 76.22, 76.61, 76.02, 76.38
10/23/20, 76.60, 76.92, 76.12, 76.22
10/22/20, 76.68, 77.45, 76.37, 76.60
10/21/20, 77.34, 77.38, 76.57, 76.65
10/20/20, 77.82, 78.08, 77.28, 77.34
10/19/20, 77.93, 78.16, 77.43, 77.81
10/16/20, 78.01, 78.35, 77.76, 77.80
10/15/20, 77.78, 78.46, 77.61, 78.01
10/14/20, 77.04, 77.80, 76.86, 77.78
10/13/20, 77.04, 77.42, 76.87, 77.04
10/12/20, 76.79, 77.26, 76.79, 77.04
10/09/20, 77.35, 77.42, 76.67, 76.77
10/08/20, 78.03, 78.15, 77.29, 77.35
10/07/20, 78.34, 78.49, 77.91, 78.03
10/06/20, 78.10, 78.66, 77.62, 78.34
10/05/20, 78.19, 78.83, 77.84, 78.10
10/02/20, 77.26, 78.79, 77.03, 78.19
10/01/20, 77.64, 77.78, 76.96, 77.25
09/30/20, 79.08, 79.39, 77.58, 77.64
09/29/20, 79.10, 79.97, 78.45, 79.09
09/28/20, 78.15, 79.30, 78.00, 79.10
09/25/20, 77.06, 78.51, 76.65, 78.15
09/24/20, 77.06, 77.49, 76.75, 77.05
09/23/20, 76.09, 77.11, 75.98, 77.04
09/22/20, 76.23, 76.58, 75.73, 76.10
09/21/20, 75.70, 76.55, 75.45, 76.15
09/18/20, 75.09, 75.77, 74.86, 75.74
09/17/20, 74.91, 75.45, 74.87, 75.09
09/16/20, 75.01, 75.40, 74.66, 74.91
09/15/20, 75.28, 75.37, 74.86, 75.01
09/14/20, 74.89, 75.51, 74.58, 75.27
09/11/20, 75.16, 75.31, 74.75, 74.89
09/10/20, 75.31, 75.68, 74.67, 75.16
09/09/20, 76.27, 76.47, 75.28, 75.31
09/08/20, 75.74, 76.58, 75.52, 76.27
09/07/20, 75.35, 76.26, 75.25, 75.74
09/04/20, 75.28, 75.68, 74.94, 75.37
09/03/20, 75.27, 75.80, 74.88, 75.27
09/02/20, 73.71, 75.71, 73.45, 75.27
09/01/20, 73.97, 74.00, 73.37, 73.71
08/31/20, 74.08, 74.51, 73.63, 73.97
08/28/20, 74.94, 75.14, 74.00, 74.09
08/27/20, 75.65, 75.71, 74.72, 74.93
08/26/20, 75.22, 76.01, 75.16, 75.66
08/25/20, 74.58, 75.72, 74.33, 75.21
08/24/20, 74.82, 74.98, 74.16, 74.58
08/21/20, 73.84, 75.02, 73.72, 74.82
08/20/20, 73.29, 74.19, 73.12, 73.84
08/19/20, 73.12, 73.55, 73.00, 73.29
08/18/20, 73.69, 73.78, 72.94, 73.13
08/17/20, 72.88, 73.80, 72.79, 73.69
08/14/20, 72.89, 73.48, 72.80, 72.87
08/13/20, 73.69, 73.85, 72.86, 72.89
08/12/20, 73.10, 73.83, 73.01, 73.68
08/11/20, 73.46, 73.61, 72.69, 73.09
08/10/20, 73.75, 74.06, 73.24, 73.46
08/07/20, 73.39, 73.92, 73.18, 73.71
08/06/20, 72.99, 73.61, 72.67, 73.39
08/05/20, 73.45, 73.57, 72.64, 72.97
08/04/20, 73.15, 74.03, 72.92, 73.38
08/03/20, 74.39, 74.59, 73.09, 73.15
07/31/20, 73.10, 74.50, 73.10, 74.38
07/30/20, 72.57, 73.79, 72.41, 73.10
07/29/20, 72.52, 72.85, 72.07, 72.57
07/28/20, 71.60, 72.70, 71.47, 72.53
07/27/20, 71.70, 71.94, 71.44, 71.60
07/24/20, 71.45, 71.99, 71.27, 71.67
07/23/20, 71.09, 71.63, 70.82, 71.45
07/22/20, 70.68, 71.29, 70.60, 71.09
07/21/20, 71.42, 71.58, 70.53, 70.66
07/20/20, 71.71, 72.12, 71.33, 71.42
07/17/20, 71.55, 71.99, 71.49, 71.88
07/16/20, 70.92, 71.61, 70.72, 71.56
07/15/20, 70.99, 71.12, 70.66, 70.93
07/14/20, 71.01, 71.33, 70.80, 70.98
07/13/20, 70.73, 71.02, 70.51, 71.01
07/10/20, 70.86, 71.43, 70.65, 70.73
07/09/20, 71.20, 71.33, 70.49, 70.85
07/08/20, 71.33, 71.56, 71.04, 71.18
07/07/20, 71.82, 72.30, 71.25, 71.33
07/06/20, 71.45, 72.10, 70.81, 71.83
07/03/20, 70.58, 71.65, 70.33, 71.45
07/02/20, 70.79, 70.79, 70.19, 70.58
07/01/20, 71.20, 71.24, 70.58, 70.79
06/30/20, 70.01, 71.33, 70.01, 71.20
06/29/20, 69.78, 70.44, 69.61, 70.01
06/26/20, 69.11, 69.97, 69.01, 69.78
06/25/20, 69.57, 69.67, 69.02, 69.08
06/24/20, 68.80, 69.64, 68.70, 69.57
06/23/20, 69.12, 69.55, 68.56, 68.85
06/22/20, 69.42, 69.73, 68.98, 69.12
06/19/20, 69.89, 69.96, 69.19, 69.42
06/18/20, 69.76, 69.97, 69.16, 69.88
06/17/20, 69.65, 69.89, 69.38, 69.76
06/16/20, 69.56, 69.93, 69.20, 69.66
06/15/20, 69.74, 70.53, 69.54, 69.56
06/12/20, 70.16, 70.21, 69.23, 69.74
06/11/20, 68.47, 70.24, 68.43, 70.16
06/10/20, 68.60, 68.92, 68.20, 68.47
06/09/20, 68.24, 68.96, 68.08, 68.60
06/08/20, 68.71, 68.71, 68.04, 68.23
06/05/20, 69.14, 69.16, 68.27, 68.70
06/04/20, 68.61, 69.54, 68.49, 69.15
06/03/20, 68.67, 68.93, 68.22, 68.61
06/02/20, 69.03, 69.17, 68.59, 68.66
06/01/20, 70.14, 70.32, 69.00, 69.03
05/29/20, 70.52, 70.84, 70.14, 70.14
05/28/20, 70.99, 71.20, 70.18, 70.52
05/27/20, 70.80, 71.47, 70.75, 70.99
05/26/20, 71.65, 71.67, 70.62, 70.81
05/25/20, 71.63, 71.84, 71.38, 71.64
05/22/20, 70.95, 72.09, 70.91, 71.63
05/21/20, 71.11, 71.45, 70.61, 70.94
05/20/20, 72.42, 72.61, 71.09, 71.11
05/19/20, 72.69, 72.75, 72.21, 72.42
05/18/20, 73.61, 73.64, 72.58, 72.69
05/15/20, 73.50, 73.87, 73.03, 73.61
05/14/20, 74.01, 74.49, 73.46, 73.50
05/13/20, 73.64, 74.23, 73.10, 73.94
05/12/20, 73.69, 73.74, 72.98, 73.63
05/11/20, 73.40, 73.98, 73.14, 73.68
05/08/20, 73.93, 74.07, 73.11, 73.40
05/07/20, 74.50, 74.54, 73.60, 73.93
05/06/20, 73.73, 75.00, 73.35, 74.50
05/05/20, 74.81, 74.92, 73.60, 73.72
05/04/20, 75.38, 75.94, 74.79, 74.80
05/01/20, 74.37, 75.80, 74.34, 75.36
04/30/20, 73.02, 74.63, 72.64, 74.26
04/29/20, 74.18, 74.18, 73.02, 73.02
04/28/20, 74.47, 74.87, 73.80, 74.17
04/27/20, 74.59, 74.82, 74.05, 74.47
04/24/20, 74.80, 76.34, 73.97, 74.59
04/23/20, 75.98, 76.00, 74.24, 74.80
04/22/20, 77.08, 77.66, 75.82, 75.91
04/21/20, 75.52, 77.61, 75.42, 77.08
04/20/20, 74.03, 75.30, 74.03, 75.25
04/17/20, 74.23, 74.41, 73.17, 74.03
04/16/20, 74.86, 75.02, 73.74, 74.23
04/15/20, 73.01, 75.34, 72.91, 74.85
04/14/20, 73.61, 73.71, 72.74, 73.01
04/13/20, 73.79, 73.79, 73.10, 73.61
04/10/20, 74.22, 74.38, 73.18, 73.79
04/09/20, 75.06, 75.16, 72.81, 74.20
04/08/20, 75.56, 75.90, 74.93, 75.05
04/07/20, 76.04, 76.07, 75.20, 75.57
04/06/20, 76.64, 77.16, 75.93, 76.05
04/03/20, 77.20, 77.85, 76.55, 76.64
04/02/20, 78.70, 79.21, 77.21, 77.21
04/01/20, 78.45, 79.37, 78.43, 78.70
03/31/20, 79.47, 79.73, 77.70, 78.45
03/30/20, 78.77, 80.46, 78.77, 79.46
03/27/20, 77.48, 79.29, 77.36, 78.74
03/26/20, 78.19, 79.04, 77.01, 77.48
03/25/20, 78.33, 79.38, 76.99, 78.19
03/24/20, 79.59, 79.61, 78.18, 78.33
03/23/20, 79.98, 81.07, 79.44, 79.59
03/20/20, 79.15, 80.05, 77.41, 79.98
03/19/20, 80.82, 82.12, 78.59, 79.15
03/18/20, 75.44, 81.72, 75.14, 81.03
03/17/20, 74.45, 75.47, 73.45, 75.44
03/16/20, 72.62, 75.42, 72.02, 74.51
03/13/20, 74.91, 75.03, 72.07, 72.62
03/12/20, 72.81, 75.44, 72.70, 74.90
03/11/20, 71.53, 73.15, 70.65, 72.81
03/10/20, 74.79, 74.87, 70.73, 71.53
03/09/20, 68.56, 75.42, 68.56, 74.51
03/06/20, 67.62, 68.61, 67.35, 68.58
03/05/20, 66.23, 67.73, 66.01, 67.62
03/04/20, 66.05, 66.54, 65.51, 66.24
03/03/20, 66.31, 66.66, 65.34, 66.05
03/02/20, 66.91, 67.31, 66.11, 66.40
02/28/20, 66.28, 67.65, 66.28, 66.91
02/27/20, 65.43, 66.40, 65.41, 66.27
02/26/20, 65.28, 65.72, 64.97, 65.42
02/25/20, 65.32, 65.60, 64.71, 65.28
02/24/20, 64.08, 65.81, 64.06, 65.32
02/21/20, 64.16, 64.56, 63.90, 64.07
02/20/20, 63.52, 64.30, 63.52, 64.16
02/19/20, 63.86, 63.93, 63.46, 63.54
02/18/20, 63.48, 64.19, 63.44, 63.84
02/17/20, 63.52, 63.57, 63.21, 63.49
02/14/20, 63.69, 63.70, 63.39, 63.53
02/13/20, 63.22, 63.78, 63.22, 63.69
02/12/20, 63.38, 63.42, 62.92, 63.18
02/11/20, 64.11, 64.12, 63.25, 63.38
02/10/20, 64.14, 64.30, 63.66, 64.12
02/07/20, 63.34, 64.23, 63.23, 64.14
02/06/20, 62.89, 63.42, 62.63, 63.33
02/05/20, 63.04, 63.29, 62.56, 62.90
02/04/20, 63.68, 63.72, 62.85, 63.04
02/03/20, 63.97, 64.09, 63.49, 63.68
01/31/20, 63.17, 64.02, 63.07, 63.98
01/30/20, 62.54, 63.51, 62.51, 63.17
01/29/20, 62.25, 62.82, 62.18, 62.54
01/28/20, 62.98, 63.13, 62.22, 62.25
01/27/20, 62.08, 63.11, 62.08, 62.97
01/24/20, 61.92, 62.28, 61.72, 62.07
01/23/20, 61.87, 62.09, 61.84, 61.92
01/22/20, 61.93, 62.06, 61.77, 61.86
01/21/20, 61.60, 61.97, 61.57, 61.92
01/20/20, 61.58, 61.64, 61.39, 61.60
01/17/20, 61.66, 61.69, 61.30, 61.60
01/16/20, 61.41, 61.76, 61.35, 61.66
01/15/20, 61.42, 61.73, 61.35, 61.41
01/14/20, 61.25, 61.50, 61.14, 61.43
01/13/20, 61.03, 61.39, 60.89, 61.26
01/10/20, 61.31, 61.38, 60.88, 61.04
01/09/20, 61.27, 61.40, 61.14, 61.31
01/08/20, 61.97, 62.13, 61.08, 61.27
01/07/20, 61.81, 62.11, 61.62, 61.97
01/06/20, 62.05, 62.34, 61.75, 61.81
01/03/20, 61.70, 62.24, 61.70, 62.05
01/02/20, 61.86, 62.14, 61.61, 61.72
01/01/20, 62.06, 62.06, 61.43, 61.86